text,label
"Despite Owning the 9th Pick in Tuesday's Draft, the Dallas Mavericks Have Yet to Hire a Head Coach",analysis
"In the 90's the #1 seed from each Conference met in the NBA Finals 4 times. Since 2000, this has happened only 3 times.",analysis
"Kevin Garnett Speaks on Wemby: ""I would love to work with big fella, but this generation has a preference on how they want to workout, and I have to respect that.""",event_report
How Knicks' OG Anunoby is helping NYC shelter cats find their forever homes,event_report
how many of Lebron's finals appearances would he have needed to win to kill the GOAT debate.,hot_take
Why doesn't Wemby simply grow a 3-foot flattop to help block shots without the risk of fouling?,hot_take
"JR Smith on Instagram reveals Kyrie didn't want to show up for the 2016 Cavs reunion: ""Missing none. He was invited and ghosted us all. So stop with that bs""",event_report
The New York Knicks are the only the third team in NBA history to win the NBA Championship without a player who received MVP votes for the regular season. Joining the 77-78 Washington Bullets and the 67-68 Celtics.,analysis
"LeBron James Talks About His Absent Father: ""Why didn't my dad wanna be around? I feel like I'm a pretty cool kid""",hot_take
"J.R. Smith on his 2018 NBA Finals blunder: ""I'm dribbling it out to get the ball to Bron... this is your job. You have to like that's why you don't get the big bucks. They don't pay me enough for this shit, right?... We never talked about that. He's still mad. He is still mad. Oh, he's so mad""",event_report
"Harden explains why he never won a championship: ""First Houston years we weren't good enough. Then we had a chance, CP gets hurt and Warriors were a real dynasty with KD. In Brooklyn and Philly I sacrificed money and being the top scorer in order to win a championship, and it was for nothing.",event_report
ESPN does a great game breakdown analysis of SGA foul hunting in WCF Game 6 and contrasts it to Spurs guards playing through contact,analysis
"De'Aaron Fox: ""We lost Game 3... but that was the first time he [Gregg Popovich] walked into the locker room and was like ""Nah, that's BS.. that's not how we play basketball"" and obviously he had some choice words for us...""",event_report
[Murray] Chet Holmgren not having a single shot attempt in the last three QUARTERS of this Game 7 is astonishing,analysis
[Lowlight] Shai flops twice in back to back possessions but doesn't get the whistle,analysis
The Salesian Sisters show they can ball before Game 6 - Thunder vs. Spurs. They also predicted a W for the Spurs.,event_report
"Nikola Jokic on Caitlin Clark saying he's the best basketball player in the world: ""We have the same agent. That's why she said it.""",event_report
"Somehow DeSean Jackson, Stephen Jackson, Kevin Durant and JR Smith praising Hitler is getting less coverage than Drew Brees' comments.",event_report
"Bill Simmons on Ranking Jalen Brunson above Nash, Kidd, Sam Jones, Harden, Gervin and Luka in his Pyramid",event_report
Pacers vs Knicks next season is even more exciting than a Spurs-OKC rematch: Haliburton coming back with a vengeance against the team he beat in historical fashion that immediately went on to become champions while he was out,analysis
Trae Young is Fools Gold. He has the 3rd worst defensive metrics in the last 10 years and is not the shooter you think he is.,hot_take
[First Things First] Knicks Win It All: How New York Proved Danny Parkins Wrong | BONUS | FTF,event_report
Why did nike use the spurs template for the Knicks locker room shirt?,hot_take
Where are the Spurs showing their inexperience and how do they fix it?,hot_take
Kyrie Irving might be the most skilled point guard in NBA history who will never be looked at as a leader of a team,analysis
How bad of a look was it for the Kings to see Fox and Coach Brown go to the Finals?,hot_take
All theses debates on if Brunson is a top 5/10/20 player. So what makes a great player?,hot_take
"Sam Presti: ""We hear all the time about things people don't like about the NBA, which are inaccurate, but they are narratives that exist on the alternative reality."" He then continues to beautifully break down those narratives and show they aren't true. Including narratives about SGA.",event_report
Was todays Wemby turnover a top 5 worst turnover in nba playoff history?,hot_take
Are The Portland TrailBlazers Going Into The Draft on Tuesday With No Head Coach?,hot_take
"Some people in Milwaukee have ‘Giannis fatigue': ""Let's not get it twisted, there's a bit of Giannis fatigue in MIL just with a lot of this. Especially the way the last year went. With the sources, and the not sources, and living with the in and out of ‘is he here or is he not here?'",hot_take
"Charles Oakley: ""I was supposed to be on the Roommate podcast. I get a call the day before. They said, we have to cancel you. And then three weeks later, guess who was on there? Dolan.""",event_report
Best To Worst Clutch FG% In The 2025-26 NBA Playoffs (Min. 10 FGA),hot_take
Lance Stephenson just started throwing punches at everybody and the refs had to call the game before this Michael Beasley and Dwight Howard got ejected. All of this is on the first day of The Big 3 season,hot_take
"Introducing The Brick Awards: celebrating the NBA's worst, ugliest, and most embarrassing moments of the year. Drop your nominees.",hot_take
"When the NBA was formed via merger in 1949, eight of nine NBL teams entered the new NBA. The ninth, the all-Black, Black-owned Dayton Rens, was excluded. After inheriting the NBL's worst record midseason, the Rens had a playoff-caliber mark, but the NBA cited the inherited record to disqualify them",hot_take
"Draymond Green on Wembanyama: ""you get to a certain height where it becomes a disservice in this league, there's nothing he can do about being 7'5, but I'm not sure 7'5 suits you better than being 7'1 with his skill set, being 7'5 almost does him a disservice""",event_report
"This 10 year championship anniversary reunion will be a thing now, right?",hot_take
"Jimmy Butler to KAT: ""Soft as baby shit. You a loser. I already punked you once."" KAT: ""Call Rachel""",hot_take
"Mike Brown gets a hero's welcome (and a chorus of ""Who Let The Dogs Out?"") at a restaurant in NYC",event_report
"Luka Dončić on if he keeps in touch with Jalen Brunson: ""Yes, yes, of course. Before the last match, I said, you know? ‘Just one more.'""",event_report
"LeBron says he didn't know what a pantry was until high school: ""I went to my high school coach's house and I asked him, ‘Can I get a snack or some chips?' He was like, ‘Yeah, just go in the pantry.' I'm like, ‘What the f**k is the pantry?' Where I grew up, everything is on top of the refrigerator…",event_report
"Steven Adams Says Today's Bigs Are Not Good At ""Trench Work"" Like Boxing Out",hot_take
"Chuck watching Cardi B's halftime performance: ""I don't know if those are B's. They might be Cardi D's...She should change her name.""",hot_take
"NYC Mayor Zoharan Mamdani on X: ""We'll win this series on the court (even if the refs refuse to call a flagrant on Wemby), not by targeting, harassing, or attacking Spurs fans""",hot_take
"2024: Mike Brown on braindead Fox play: ""If you're up 3, you gotta guard your man at the 3. I need to go back and watch Fox. Should NOT be in position to help. Should be hugged up to your man. 100% told guys, can't give up a 3. Stay connected. I even drew an example."" (Brown was fired the next day)",hot_take
"Charles Barkley to OG Anunoby: ""What is your real name?"" .Anunoby answers: ""Ogugua"". Barkley tries to pronounce it correctly.",event_report
"Michelle Obama cooks ESPN: ""If I watch ESPN for an hour it's like watching The Real Housewives of Atlanta. It's the same drama, they're yelling at each other, they don't get along. Stephen A. Smith would be a great Real Housewife. What's the difference? It's just drama.""",event_report
"Chet Holmgren On Minneapolis: ""I definitely think we're too advanced as a species, just plain and simple, for things like that to be happening. No matter what your opinions are or what your beliefs are, you should be able to agree that nobody needs to be dying on the street.""",hot_take
"LeBron James on Memphis backlash: ""Did I say I don't like black people? I'm 41 years old and there's 2 cities I don't like playing in, Milwaukee & Memphis. I'm not talking about the people in Memphis. I just don't like staying at the Hyatt Centric, what's wrong with that? What are we talking about?""",event_report
The NBA should cancel this afternoon's Timberwolves v. Warriors game in Minneapolis,hot_take
"Max Kellerman on Lebron: ""It's called selling out. It's very easy to take a stand when there is low to no cost. When there is a real price to pay, then who will stand up? Mohammad Ali did. Not Lebron James""",event_report
Kareem Abdul-Jabbar: Where Is the Outrage Over Anti-Semitism in Sports and Hollywood?,hot_take
"Doc Rivers: ""I will say it, because I don't think a lot of people want to. Can you imagine today, if those were all black people storming the Capitol, and what would have happened? That, to me, is a picture that's worth a thousand words for all of us to see.""",event_report
"LaMelo Ball believes Victor Wembanyama legacy is ""stained"" for losing in the Finals against the New York Knicks, Lonzo Ball disagrees.",hot_take
Voter fatigue will be pushed to its limits next season if Sga has a similar season (30+ppg + best record),hot_take
"People say that Jalen Brunson is not actually 6'2. But his scouting report says he was ""Measured 6'1 barefoot and 6'2.25 in shoes"". Are people saying that the measurement was just like... made up?",event_report
"Kings Fans, the DeArron Fox the world saw in the Finals ,was that the DFox experience or was that a new version of him? what stood out?",hot_take
Did Victor Wembanyama lose the Finals because he didn't fully shave his head?,hot_take
De'Aaron Fox should have sat out the rest of the playoffs after hurting his ankle against Minnesota,hot_take
"Former NBA Player Nick Young on Wembanyama: ""Wemby is a soft baby. He's a crying protected baby""",hot_take
Kawhi had a +14.5 on/off swing last season. Is he still a top 5 player?,hot_take
Markieff Morris Thinks OKC Still The Best Team Despite The Knicks Winning The Finals,hot_take
"With the Nova Knicks winning a chip in 2026, what other college champions could win in if they united in the NBA ?",hot_take
Is there a way to fix intentionally fouling at the end of a game while up by 3?,hot_take
Who are some Star players you'd want to get lots of minutes but would not want them at the end of a close game?,hot_take
"[Dan Woike] The Lakers remain ""on the clock"" when it comes to building a contender around Dončić…there's an actual threat that he could have a wandering eye if the Lakers can't deliver on the plans they presented last summer.",event_report
"[ESPN] Gregg Popovich once called Steve Kerr to tell him he'd finally decided to retire. Steve congratulated him on a Hall of Fame career. A week later Pop signed an extension with San Antonio. ""I realized he couldn't do it,"" Kerr said. ""He couldn't walk away...the job itself is so addictive.""",event_report
"Durant On Warriors: ""I didn't have no relationship with nobody on the Warriors… They never been a winning organization when I was in the league. Nobody liked Golden State. It felt like an underdog to me because I'm looking at the totality of the franchise, not what happened these last 5 years""",event_report
"[Charania] Atlanta Hawks guard CJ McCollum has agreed to a one-year, $21 million contract extension with the franchise, plus a trade kicker.",event_report
14 Years Ago Today - Chris Bosh Pours Champange All Over His Face After Winning Championship,event_report
"Durant On Leaving OKC: ""It was a basketball decision but I knocked down the not giving a fuck ladder with that too… I thought that was just a no brainer. I would do that shit a million times.""",event_report
8 Years Ago Today - 2X MVP Shai Gilgeous-Alexander Was Drafted By The Charlotte Hornets,event_report
"LeBron tries to fake the behind the back pass, Maurice Evans doesn't bite, but it doesn't really matter anyway",event_report
Arguably LeBron's best pass ever - an absolute bullet to Big Z for the easy basket (2006),event_report
"This prescient call by Ian Eagle before Game 1, Rd 1 tip-off",event_report
NJ father and son attacked after Knicks championship game in San Antonio,event_report
"[Charania] Free agent guard Jordan Goodwin intends to sign a three-year, $19 million deal to return to the Phoenix Suns, with a player option in the third season, sources tell ESPN.",event_report
"Charles Oakley: ""Patrick (Ewing) always been like that. He never stood up for nobody. And the coldest thing out of this all, I took a case for Patrick on an airplane. Put that out there. I took a case from him. Ask any teammate, Chris Childs, Charles, Allen, John, they might not say nothing""",event_report
"[Bill Simmons Pod] Bill: ""I don't want the Celtics to trade Jaylen Brown for Giannis""",event_report
That time JR Smith only packed a weeks worth of underwear to stay in the Bubble.,event_report
Nikola Jokic drops the first 30/20/10 in an NBA finals game against the Heat,event_report
"On the inside of Nikola Jokic's new Joker 2 GT ""G-015"" is a cartoon of Jokic from when he 'raced' a bullet train in China",event_report
"Rudy Gobert reflects on his matchup with Victor Wembanyama and gives him his flowers: ""My goal was to impact him physically. I know Victor well so I thought that over the course of a game or a series I could really wear him down over time, physically.",event_report
Og Anunoby's First Move After Winning The Nba Championship Was Handpicking Five Shelter Cats In New York City For Adoption - Three Have Already Found Homes Within Days,event_report
"AJ Dybantsa says he didn't work out for any NBA teams: ""I didn't work out for none, I just visited the cities. Take me to the facility, take me to dinner, talk. I don't gotta workout. They know what I can do.""",event_report
[Fischer] The Los Angeles Lakers have called the OKC Thunder to inquire about Lu Dort. The Thunder may pick up Dort's player option and seek to trade him in order to acquire assets.,event_report
"Paolo Banchero & Cade Cunningham's HISTORIC 45-PT Game 5 Battle | April 29, 2026",event_report
"presumptive top 4 picks (AJ Dybantsa, Darryn Peterson, Cam Boozer, Caleb Wilson) averaged a combined 88.0 points in college. That'd be the highest sum in the entire 2000s",event_report
"Kawhi Leonard: ""You see the drip…I'm always fresh if the Feds watching that's what 2 chainz said""",event_report
"Since 1989 (when all-nba third team was added), there are 5 teams in nba history that have had 3 all nba players on them that year.",event_report
"Karl Anthony Towns to Jalen Brunson: ""I want to make sure I amplify you to a whole other level that you havent even recognized for yourself. I want to be that partner in crime that you haven't had, and I want to make sure that every step of the way, anytime you go anywhere, you're never alone.""",event_report
"[Bill Simmons Pod] Doc Rivers on James Harden: ""James doesn't give everybody else enough room to be great, he is the only one that can be great on his team.""",event_report
Screen assist leaders last season: 1: Jusuf Nurkic (4.3) 2: Damantas Sabonis (4.1) 3: Rudy Gobert (4.0),event_report
"AJ Dybantsa being from the Boston area: ""This is my last year being a Celtics fan""",event_report
[Amick] The New Orleans Pelicans and Minnesota Timberwolves both have interest in trading for Memphis Grizzlies point guard Ja Morant.,event_report
"Kobe Bryant puts up an absurd 45 points on 20-26 shooting in December 2000. Kobe has the ball in clutch time in a 1 point game and the opposing announcer has a panic attack when Kobe gets the ball. ""HE'S GOING TO NEED HELP, PLEASE HELP""",event_report
"AMA: Cameron Boozer, AJ Dybantsa, Darryn Peterson, and more prospects from the 2026 NBA Draft Media Circuit joining Monday, June 22nd at 5:00 PM ET",event_report
The Big 3 Season Opener Ended In A Forfeit After Michael Beasley and Lance Stephenson Were Ejected - Leaving Miami 305 Without Enough Players,event_report
"[Charania] Free agent guard Collin Gillespie intends to sign a four-year, $48 million deal to return to the Phoenix Suns, sources tell ESPN. Gillespie spent three straight seasons on two-way contracts after going undrafted out of Villanova in 2022 and now earns a lucrative long-term deal.",event_report
"[Scotto] The LA Clippers are interested in Jaylen Brown and have future first-round draft picks and first-round picks from Indiana, including the fifth pick in the draft, as potential trade chips.",event_report
"[JR Smith] on Instagram: ""He reached out! We GOOD! God Bless the young GAWD!Greatest PG I've played with""",event_report
Anthony Davis gets two bad calls in under 15 seconds. AD goes berserk and rushes at the ref. Demarcus Cousins has to stop him from first-degree murder,event_report
"Jimmy Butler sends Giannis & the Bucks packing with a clutch 42-point game 5, 2023 playoffs rd 1",event_report
When Russell Westbrook Hit a 40 Foot Game Winner The Same Night He Broke The Triple Double Record - 50 Points 16 Rebounds 10 Assists,reaction_or_meme
"[Highlight] Maurice Evans intercepts the inbound pass by Cheikh Samb and finishes with a monster reverse poster dunk on him at the Palace, in a pre-season game. 10/23/08.",reaction_or_meme
[Lowlight] 5 years ago Ben Simmons passes up a wide open dunk.,reaction_or_meme
"Jose Alvarado on Victor Wembanyama not shaking hands with the Knicks: ""I got mixed emotions… the way he did it was a little too crazy for me because I loved how he competed during the game.""",reaction_or_meme
[Highlight] KAT and Mayor Mamdani lean back together on the Knicks' float,reaction_or_meme
NYC Mayor Mamdani's passionate speech about the Knicks journey to the championship.,reaction_or_meme
Josh Hart's wife sticks her thumb in a forbidden place during the Knicks Championship Parade,reaction_or_meme
"Rewatching Game 7 of the 2016 Finals is crazy. There is no flailing, head snapping, falling down after every shot, jumping sideways, etc. They're playing actually basketball down the stretch",reaction_or_meme
"In the first Knicks Championship parade in over 53 years, James Dolan and NYC politicians got 13 minutes of podium mic time. All Knicks players combined got 2 minutes of podium mic time, including 0 minutes for KAT, OG, and Alvarado",reaction_or_meme
"OG Anunoby was about the game-winning tip-in in Game 4: ""Is anything going through your mind when you're up in the air like that, or is it all instinct?"" OG Anunoby: ""I mean, I was trying to dunk it..."" *Everyone starts laughing*",reaction_or_meme
"Jalen Brunson (jokingly): ""I'm not a fan of Luka. He's actually, he's one one of the worst teammates I've ever had."" Kid Reporter: ""That's crazy. He doesn't play defense."" Jalen Brunson: ""Oh, wow. He plays a little defense. He tries.",reaction_or_meme
"[Highlight] The Stop. Ten years ago today, Kevin Love played the defense of his life on Stephen Curry.",reaction_or_meme
"A Knicks fan passed out at the parade, a woman saved his life, and he somehow found a way to say thank you while still passing out.",reaction_or_meme
[Highlight] OG Anunoby tips the ball in to give the Knicks the lead,reaction_or_meme
[Highlight] Arena erupts in boos as The President is shown on the jumbotron,reaction_or_meme
[Highlight] Victor Wembanyama overcome with emotion as Spurs eliminate Thunder to advance to the Finals,reaction_or_meme
[Highlight] Luke Kornet races back for the big chasedown block for San Antonio.,reaction_or_meme
"[Highlight] ""Thank you, mama. I appreciate you getting me one."" - Karl-Anthony Towns",reaction_or_meme
"[Highlight] Karl-Anthony Towns: ""I just felt a calm and a peace that had to come from the woman above ... I felt like I was a kid getting ready to go play my Saturday AAU games and Sunday AAU games. In a way, I felt like I was seeing [my mom] in the stands.""",reaction_or_meme
"[Highlight] In order to keep the Knicks' players desperate in every game no matter the score, Mike Brown had his staff create a video before Game 1 of the ECF showing the players' faces after being eliminated by Indiana last season. The message: ""How did you feel in that moment?""",reaction_or_meme
[Highlight] Mitch Johnson picks up a tech after official fails to recognize his challenge,reaction_or_meme
Jalen Brunson walks past Knicks coaches without a second thought to shake Mitch Johnson's hand after the final buzzer,reaction_or_meme
"[Highlight] Mitch Johnson asks for a coach's challenge right in front of the referee James Capers, but he doesn't call it. Instead, he receives a technical foul. The Spurs would have won the challenge, as the refs gave the ball to the Thunder after it went out of bounds off Chet Holmgren.",reaction_or_meme
"[Highlight] Jared McCain appears to make elbow contact with Harper's throat area, then backs it up on him and falls to the floor. Foul on Harper",reaction_or_meme
[All-Access] Victor Wembanyama reacts as the final buzzer sounds in Game 7 of the Western Conference Finals.,reaction_or_meme
"[SNY] Josh Hart on the ticket prices for Game 3 of the NBA Finals at MSG: ""I wish the ticket prices weren't as crazy as they are. A lot of people who have been waiting for this moment for a very long time unfortunately aren't able to get into the building. $7K, $8K is ridiculous.""",reaction_or_meme
"[Highlight] MSG show clips of Jeremy Lin highlights, and then the camera focuses on Lin, who waves and receives love from the local crowd.",reaction_or_meme
"Victor Wenbanyama about the events in Minnesota: Spurs PR has tried to train me, but I don't want to be politically correct. It's crazy that people make it seem like the murder of innocent civilians is acceptable",reaction_or_meme
[Highlight] Draymond tries to get in Wemby's head and Wemby responds by THUNDERING a dunk over him + the foul (Full Sequence + Replay),reaction_or_meme
"[Highlights] Bronny James hits the 3-pointer off his dad's screen, and then the reverse layup off his dad's lob",reaction_or_meme
[Highlight] LeBron gets the steal and hits a 3 to tie the game!,reaction_or_meme
[Highlight] LeBron complaining about the game to a kid during last nights game,reaction_or_meme
[Highlight] Victor Wembenyama receives a Flagrant 2 and is ejected from the game after elbowing Naz Reid,reaction_or_meme
"Interviewer: ""Jaxson Hayes got Slovenian citizenship, what is your view about that. You probably care about those things."" Luka: ""Yes... I basically had nothing to do with that, so, I'm only playing for national team. But yes, boy is really okay. Good player, so it's amazing.""",event_report
The Lakers have been linked to Thunder guard Lu Dort as a potential trade target to pair with Luka Doncic,event_report
if you could be any nba player ever who would you be,event_report
"[Fischer] I've also heard that Atlanta sees great value in Swain at No. 23, but the Hawks have been signaling for some time that they are prepared (and perhaps even prefer) to trade their second pick in the first round after No. 8 for future draft capital.",event_report
2009 Western Conference Semi-Finals. Series tied 1-1 going into a pivotal game 3. Ron Artest is trying to get into Kobe's head. Kobe hits a ridiculous shot at the end of the 3rd quarter to silence Artest. Lakers win the series in 7 and end up winning a ring,event_report
Lu Dort has played 432 regular-season games. He has only 2 games with 6+ assists.,event_report
[Fischer] The Dallas Mavericks are showing interest in moving back in the draft with both the New Orleans Pelicans and Memphis Grizzlies have a known desire to acquire a top-10 pick.,event_report
"[Scotto] With the Denver Nuggets currently projected to be near the second apron, they've signaled a willingness to discuss forward Zeke Nnaji and the No. 26 pick as a trade package",event_report
[Scotto] The Utah Jazz has expressed interest in re-signing center Jusuf Nurkic,event_report
[Scotto] Toronto Raptors swingman RJ Barrett has drawn trade interest in multi-team conversations,event_report
"Made a daily NBA history game. You get 5 iconic moments and try to guess the year each one happened. The closer you are, the more points you score. New puzzle every day. You can create a group to compare scores with friends. The timeline feels better with the sound on. Would love feedback on the difficulty and overall feel.",event_report
it's clean and dope. you could link to highlights or articles of the event at the results page,reaction_or_meme
"Ranked the 5 prospects most likely to bust in the 2026 NBA Draft (Boozer at #1, plus Peterson, Quaintance, Peat, and Wagler). Tried to focus on red flags vs. hype.",hot_take
"I built a ranked 1v1 82-0. I loved 82-0 but wanted to actually play it against people, so I built live 1v1 ranked matches. You and an opponent draft off different spins on a 30-second clock, and your rosters sim head-to-head in a best-of-7, and your ELO moves win or lose.",event_report
Plugging this small channel because I looked forward to every segment and it needs more visibility. It's really good content.,reaction_or_meme
I made an edit of Game 7 of the 2016 NBA Finals.,reaction_or_meme
"Built a quick quiz to show you who your NBA goat and top 15 players based off your values and tradeoffs. Comparison analytics charts as well to compare what you value against how each top 15 player lines up. Myself I got Magic, Lebron, Jokic as my top 3.",event_report
I vibe-coded a front end app and backend model for simulating games between arbitrarily formed cross-era rosters or all sorts of other targeted season/team/player combinations. Any and all feedback welcome.,event_report
meta world peace as the top scorer with 40. ben simmons zero threes. kudos to the model,reaction_or_meme
"I built a free NBA stats/history site focused on visualization rather than giant tables. Everything is displayed through interactive charts and dashboards, from season stats and advanced metrics to percentiles, career ratings, awards, championships, and team stints. The goal is to add context to the numbers.",event_report
"Best To Worst Clutch FG% In The 2025-26 NBA Playoffs (Min. 10 FGA): OG Anunoby 54.5%, Victor Wembanyama 52.2%, Cade Cunningham 50.0%, Dylan Harper 50.0%, Shai Gilgeous-Alexander 50.0%, Evan Mobley 45.5%, Jalen Brunson 42.4%, LeBron James 35.7%, James Harden 35.3%, Devin Vassell 30.8%, Donovan Mitchell 21.7%, De'Aaron Fox 20.0%, Tobias Harris 20.0%.",analysis
I mean throwing the ball at Castle's back or bricking free throws isn't going to show up here.,hot_take
"Bro missed 3 critical free throws, missed a game winner, and had a bad pass turnover to close out multiple finals games losses.",hot_take
"Nothing exposes nerves of steel faster than the last few minutes of a playoff game. Some players want the shot, others want the clock to disappear.",hot_take
"Doesnt mean much without factoring in shot hardness. Looking at xFG% in the playoffs gives a better idea of who the best shooters were. Not sure how to filter by clutch, but it's mostly noise and low sample sizes anyway. A FG in the clutch when 3-0 up in R1 is a lot less clutch than a FG at the beginning of game 7 of the finals.",analysis
"Brunson is 7th and yet there's no one I'd rather have the ball in clutch time than him. Love OG, but his opportunities are based mainly off the advantage Brunson creates.",analysis
43% when an entire defense is designed to stop you because they all know you're shooting it is pretty freaking good lol,analysis
Fox in the same tier as Tobias Harris. Veteran players who scammed their teams into giving them more money than they deserve,hot_take
if you could be any nba player ever who would you be? i would probably choose to be rudy gay just because i be loving my homies. what about you? who would you pick,reaction_or_meme
Ben Simmons. Get generational wealth and become a pro fisherman. Sounds like two skills I want.,reaction_or_meme
"At first I was like this dude sucks. But then I thought about it and went, this dude has it figured out lol",reaction_or_meme
"Lebron lol. Besides Steph in 2016, prime LeBron was absurd. Basically a 2k my player/create a player dream. I already miss him and he's still in the league but he's old. A 6'8 athletic specimen who does not have durability issues and has no weaknesses on offense or defense. 2018 was the most fun I had watching a playoff run for a single player in a long long time. Even though I already like watching Wemby and giannis was cool too, you can tell they are just too big and have durability issues. They also can't handle the ball close to the way prime LeBron could.",analysis
"Hmm. I'm surprised by the lack of Ben Simmons considering 99% of you would never pick up a ball in real life. So yeah, give me Ben Simmons living life in his 20s after a highway robbery.",hot_take
"Garrett Temple. Respectable 16-year career. Hasn't made crazy money but enough to be comfortable. He will have future job opportunities in the league if he wants them, and he can go to grocery stores and coffee shops without being recognized.",analysis
"DeAaron Fox, max contract and I only have to be the fourth best player on my team.",hot_take
Tobias Harris. Get paid like a star player and let other people take the heat for me being bad.,hot_take
Rasheed Wallace seems like a fun one. Pistons Sheed if we gotta specify.,reaction_or_meme
"Lmao tf is this post. Anyways, I'd probably go Jrue Holiday if I cared about my rep. If not, then Giannis.",reaction_or_meme
"I'd want to be de'aaron fox so that I could tell the spurs to bench me. then, I'd spend the majority of my time mentoring the young guards. at the trade deadline, I demand a trade to the rockets",reaction_or_meme
I'd have to say Shaq because I've always been curious what a motivated Shaq would do to the league,hot_take
Dennis Rodman - NBA hall of famer. Prime Carmen Electra. Tag teamed with Hulk Hogan. WWE hall of famer. Friends with NK supreme leader Kim Jong Un,reaction_or_meme
"I saw someone else say this and I think it makes sense. Kyle Lowry, I'm a legend in Toronto, but fairly low-key in the rest of the world",analysis
"How each NBA team assembled their current rosters Visualized. A few months ago I found out that the Timberwolves were able to acquire the draft rights to Jaden McDaniels in part because of the 2007 trade of Kevin Garnett to the Celtics. It made me wonder, could you visualize how an NBA team assembled their entire roster just by charting out draft picks, trades, and free agency signings? This question started a months long journey of compiling the information and then making family tree style visualizations for each team.",analysis
"The Thunder tree has the oldest draft pick still providing a team value. In 1977, the Supersonics drafted Jack Sikma, whose trade tree started in 1986 when he was traded to the Bucks. That trade started a tree that eventually resulted in the Thunder getting Jared McCain earlier this year.",analysis
The Celtics tree is crazy for the amount of trades. It's pretty well known that they received the pick for Jaylen Brown in the trade that sent KG and Paul Pierce to the Nets. But less known is that every player on their roster not signed in free agency or drafted with their own picks is on the Celtics partially as a result of that trade.,analysis
"The Suns have a lot of trades that really didn't go their way recently and the fact that the only player on their roster there after the Beal trade being Royce O'Neale is not a fun fact. However, the KD trade is very cool to see with 5 teams involved.",analysis
"Definitely not the most a team has gotten from trading Paul George but Haliburton, Siakam, Huff, Zubac, Kobe Brown, Nembahrd, Sheppard, and Furphy is still a pretty good return all things considered.",analysis
Thanks! I'm very glad I could get it out before the draft. Gotta thank Giannis for holding up all the trades long enough for me to get it presentable.,reaction_or_meme
My biggest takeaway is unfortunately Imgur sucks now. It was like 70% ads,reaction_or_meme
"Furthest Draft pick is Jack Sikma, the 1977 Supersonics 1st round pick, however, he wasn't traded until July 1, 1986. The Cavaliers have them beat by a few weeks with a June 17, 1986 trade of a future 2nd for a guy by the name of Mark Price. Pretty good value.",analysis
"I started with the current rosters and then used various resources like Basketball Reference, ProSportsTrades, RealGM, and random searches for some more obscure trades to check and double check how each player got to each team.",analysis
Peak offseason content and we're not even two weeks in. Won't be topped.,reaction_or_meme
"On the Mavs chart, in the Spurs/Celtics/Mavs deal, the 2027 Raptors 2nd becomes a 2025 2nd right after. Don't know if this is a mistake or just pick conditions conveying but thought I'd mention it in case it's an error.",analysis
Why didn't the Wizards get broken out by GM? Our new GM in June of 2023 was a huge turning point for the franchise.,analysis
"The Presti tree is wild when you map it out. The Sikma pick from 77 still generating value almost 50 years later is crazy. Would love to see the Heat tree too, Riley always found ways to create value through picks.",analysis
"As someone who has done graphic design for a living, this looks like it took a long time. Kudos to you.",reaction_or_meme
[ESPN] Gregg Popovich once called Steve Kerr to tell him he'd finally decided to retire. Steve congratulated him on a Hall of Fame career. A week later Pop signed an extension with San Antonio. Kerr said he realized Pop couldn't walk away because the job itself is so addictive.,event_report
I do think Pop would have walked away sooner if his wife hadn't passed away. After that he just stuck with it until he literally couldn't.,analysis
"Yeah his wife was everything he had outside of basketball. Now that she's gone, he's passing time doing what he loves",analysis
Pop takes one look at rookie Scoot and retires on the spot,reaction_or_meme
Gilbert Arenas said he didn't have a problem retiring until the next season started and everyone else was getting ready and he had nothing to do. He said that screwed with his head to the point that he would get in his car and drive into the city and then back for no reason each day. Wilt Chamberlain said he would do the same thing.,analysis
When you're used to a routine and playing games in front of thousands cheering for you I bet it's hard when you go from that to just zero competing. With that being said there's way worse things than being a millionaire with a lot of free time.,analysis
"Retirement boredom, even in non-athletes, is one of the common topics discussed in financial independence spaces. Books like Die with Zero are often suggested so people can live a meaningful and least regretful life.",analysis
"For anyone curious, Pop's last contract extension was July 2023, so it would have been around the time they drafted Wemby.",event_report
"I remember hearing that he wanted to retire around that time, but that the idea of coaching a 7'4 generational talent was too enticing of an opportunity to pass up.",hot_take
Pop hit Kerr with the NBA version of 'you up?' a week later,reaction_or_meme
"I think you don't get to the level of guys like Pop and Jordan by being reasonable about things. Without some sort of addiction or obsession with the game and winning, countless hours of film study or thousands of workouts would get incredibly tedious. Makes sense that guys like this just can't turn it off when it's time to hang it up.",analysis
"I do wonder what the NBA Finals would have looked like if Pop was on the bench. The Spurs are not in the Finals without Wemby, but I think Pop would have told Wemby to stop dancing on the perimeter and get to the paint.",hot_take
"While I do agree the Knicks would likely still win the series, it would have been 2-2 going back to San Antonio with Spurs having home court advantage again. You never know how it would have affected the following games.",analysis
"An article from over a month ago randomly getting aggregated. An incredibly written article by the way, one of the best I've ever read. Most people will not read it because of its length but if you have any attention span left it is fantastic and the experience of reading it cannot be aggregated.",analysis
"Kerr excelled in almost every aspect of basketball he's participated in: playing, coaching, front office, color commentator.",analysis
"I think this is why LeBron can't retire. When more than half of your life you've been in the NBA, it's hard to leave. It's all he knows.",analysis
"Honestly disrespectful using a hypothetical Popovich to shame Mitch Johnson for making the finals during his first season as head coach. Pop lost the 2013 finals by benching Tim Duncan on 2 consecutive defensive possessions and got bounced in the first round as the one seed in 2011 by refusing to play Splitter. Pop is the greatest coach in league history in my opinion, but he was far from perfect.",analysis
Always kind of cringe when you see people say he should retire and enjoy the fruits of his labor. He loves the labor. He did it until he physically couldn't anymore and would probably not have it any other way.,analysis
"The author followed Kerr around for a year to write this piece, most articles will not be written with that level of familiarity so they won't use that voice.",analysis
"The part where Kerr talks about wondering how he'll feel a year from now hits different when youve watched Pop build that whole Spurs culture from nothing. Five rings, the international pipeline, the development system - impossible to walk away from cleanly.",analysis
Pop calling Kerr to announce his retirement and then signing an extension a week later is the most human thing in this whole piece. Nobody wants to admit when it's time,analysis
"Are The Portland TrailBlazers Going Into The Draft on Tuesday With No Head Coach? Are the Blazers going into the draft on Tuesday with no head coach? When's the last time a team has done that, and did it work out for them? This is a bit wild, no?",hot_take
Portland once fired their GM 90 minutes before the draft started and then still had him do the draft for them. Having no coach is small potatoes in comparison.,analysis
"Out of the deep respect and admiration that Kevin Pritchard had for Paul Allen, he managed to pull off the heist of the century, landing the key pillars of a certain future championship roster in Ryan Gomes, Luke Babbitt, Elliot Williams and Armon Johnson. What a brilliant strategy that firing turned out to be.",hot_take
"The Blazers don't have any picks in this draft, not a 1st or 2nd.",event_report
that can change. also teams can basically buy 2nd rounders if there's a guy they like. not having a head coach for the draft may not ultimately mean anything but it is significant,analysis
"The Mavericks also don't have a coach as of yet, and they actually have a pick. We'll see what happens",event_report
"Doesn't really matter much in the NBA I feel like, I think only really long-tenured and influential coaches within the org get a significant say in draft choices. Mostly owners, GMs, and team presidents make those decisions.",analysis
Agreed. Plus you have Masai and Mike Schmitz. Both previous scouts. And with someone like Masai who has a proven track record with drafting he'll make the final decision anyway.,analysis
We don't have a pick anyway but Cronin will do what's best for the team regardless of any HC input.,analysis
"It really doesn't matter, it's not like the head coaches are making the picks",hot_take
GMs make the pick but you're ill informed if you think coaches don't have input,hot_take
"Well, we're going into the draft without a pick, so I'd say it doesn't matter all that much. The roster will change a decent amount over the next couple of months. Will matter more then based on the coach's style.",analysis
They don't really have picks so it probably doesn't matter too much. The weirder one is Dallas not having a coach yet.,analysis
"The Blazers once went into the draft without a GM, but instead let the GM they had just fired run the draft for old time's sake.",event_report
We don't even have a first round pick and coaches don't do the drafting. Also Dallas has no coach currently too.,analysis
"Even if they had picks, the coach doesn't do anything on draft night. The GM does.",hot_take
"Dallas would have been a significantly better team to use. They don't have a coach and have picks 9, 30, and 48. Portland has no picks whatsoever.",analysis
Personally I think they messed up lowballing Tiago but if the reports are right and they're trying to spend less than half the average head coach salary I don't know the quality they're gonna get.,hot_take
"More than any other major sport, the draft just barely matters in the NBA. Some of the most all time generational drafts in NBA history have like 3-4 players in them that turned out to be good. Who cares about the draft",hot_take
"That would be par for the course for this franchise. It's been a mess for the past two decades, the amazing play of Dame Lillard notwithstanding.",hot_take
"The only way I would tolerate the Aspiration scandal ending: NBA Draft night, Adam Silver steps over a sobbing Darryn Peterson and announces the Clippers would have selected with the fifth pick before an army of lawyers runs out with a 45-slide deck. This will not happen.",reaction_or_meme
"Best we can do is a fine paid to the owners and losing a second. Also, I'm allergic to garlic and sunlight. - Adam Silver probably",reaction_or_meme
"After a thorough investigation, I have decided to make the Clippers vacate all of their NBA championships. Although this was an extremely harsh penalty, this was needed to send a strong message to all teams.",reaction_or_meme
"Well, they've successfully dragged it out so nobody cares anymore, so congrats to you, Adam Silver. Your plan worked.",hot_take
Hope the league don't do anything. Just gives my team the opportunity to cheat and get players for cheap. Imagine what the Lakers could pull off.,reaction_or_meme
"You joke but that's exactly what will happen. Except the Lakers will be way smarter about it and the sponsorships will be the bare minimum but real. I imagine a cross-sport shell game. Dodgers sponsor a Laker. Lakers sponsor a Dodger. Compared to what Ballmer did, this is at least transparent.",analysis
"I'm starting to think that all this reporting over how much Kawhi was paid under the table has been ignored because everyone in the league office has also been paid under the table, and when that's revealed it'll be the final shoe to drop.",hot_take
If some corruption is allowed openly then you just have to assume a lot more has been happening for ages quietly. The cap is hugely significant in basketball and this is blatant manipulation and exploitation of it. You have to end that instantly with big penalties. Instead it's been a whole season and nothing.,analysis
Or it's a signal of unspoken approval and now every team is gonna compete under the new unspoken rules. Makes sense for small market basketball teams that are in big markets for another sport but the market for basketball is struggling.,analysis
"Most of the owners are too cheap to pay extra. The whole point of the cap is to limit how much they have to pay. The other thing to consider is that the Clippers could have paid the luxury and repeater taxes and still gave Kawhi what he wanted. By hiding it like they did, they figuratively took that money out of the other owner's pockets.",analysis
I promise you Jerry Reinsdorf is not paying anyone under the table. He's reluctant to do so over the table,reaction_or_meme
The game is rigged and the rules are rigged too. Double whammy,hot_take
It definitely feels like the Astros scandal. MLB wanted to put it to bed real quick because a lot of teams were doing some form of cheating. The Astros just took it to another level. I doubt Ballmer a new owner came up with the idea. He probably heard about other teams doing and with his unlimited bankroll just took it to a ridiculous level.,analysis
"I hope they have Bill Kennedy read the results of the independent investigation like he's doing one of his challenge decisions. After extensive review, speculative framing and repeated implication without direct proof do not constitute cap circumvention. The ruling on the floor stands. Pablo Torre will be charged with one lost timeout.",reaction_or_meme
"It just dawned on me, doesn't this open the door for the players to argue against the cap in the next CBA? If you can just blatantly circumvent it and not enforce the rules, we must not need it.",analysis
"Ballmer stole over $100 million from other owners by dodging taxes for multiple years, he should at least have to repay that, even though it's nothing to him.",hot_take
I want Kawhi banned for life and no HOF. He knew what he was doing. Uncle Dennis trying to scheme every team he's been with. The hammer should be brought down on him and Balmer both.,hot_take
"This will all be nothing more than the blueprint for large market teams to dodge luxury taxes and apron penalties, since the NBA is going to do nothing.",hot_take
"Once again, this is Indiana's pick, not the Clippers' own pick which went to OKC.",event_report
Why would this happen. It was a fair trade. The Clippers lost commodities to get it. This is not a pick the Clippers earned.,analysis
"People really believe that most of the billionaires are playing by the rules, it's hilarious. It also gives that journalist a lot more power, and once he starts digging deeper a lot more corruption will be exposed.",hot_take
"But it's the billionaires' own rules, and they're playing against each other. Dudes like cheating so much they'll cheat each other to their faces.",hot_take
"The Timberwolves Joe Smith debacle is nothing on this Clippers incident and the Wolves had five first round picks taken from them. My solution: suspend Steve Ballmer for two years, force him to sell the Clippers, fine him billions, suspend Kawhi for one year, void his final contract year, and take 5-10 years of Clippers first round picks.",hot_take
Who was your rookie? Who was your favourite rookie the year you started watching the NBA? Was it because of them you became a basketball fan? Do you still like them or have you moved onto other players/teams?,reaction_or_meme
"Bob Pettit, I knew he was special that first season with the Milwaukee Hawks",reaction_or_meme
James Naismith was a joy to watch. I'd like to see these new school kids survive in a league where dribbling is still illegal. Played against literal school children though.,reaction_or_meme
"Blake was the reason I started following basketball seriously, which kind of sucked since he got hurt in his first year and the Clippers traded what would become a first overall pick for Mo Williams.",analysis
"I really believed Terrance Mann could become a superstar. He did have some great moments with the Clippers, namely Game 6 vs Utah in 2021, and became a solid role player but his progression sort of just stopped after 2023ish.",hot_take
started watching during the bubble in 2020 so my rookie was Ant Edwards. seeing him drop 48 in his first playoff series felt like watching something special click into place,analysis
"I started watching during the 1999 playoffs. My first full season watching basketball was 2000-2001, I had a tough time remembering a rookie from that year, and went and checked, it was an awful draft.",analysis
"LeBron. I kept hearing about him as a kid and when the Cavs got the number 1 pick in 2003, I knew I had to start watching as a Northeast Ohio kid.",reaction_or_meme
Kevin Garnett. I remember it was the first time I heard about a high schooler being good enough for the NBA. He did not disappoint.,analysis
Michael Jordan. I was raised as a UNC fan and when he got drafted I started paying attention to the NBA too. Pretty clear how that one went.,reaction_or_meme
Lonzo Ball is up there for me as his room was a couple floors from mine and campus was electric my freshman year in part due to how great he was at UCLA. I'm sad it didn't work out for him as a Laker.,reaction_or_meme
"Dennis Rodman was undersized, but never thought that way. Angles, timing, hustle, energy, enthusiasm and love of basketball showed through his study of opponents and habits. At the NBA level, it's a battle of wills, not skill.",analysis
Cazzie Russell on the Knicks. Games were nowhere close to as available to watch back then. To follow your team it mostly meant listening on the radio or checking the next day's newspaper for a box score.,analysis
"I started closely following the Suns when Nash returned. During that era, Sarver and D'Antoni would sell all the picks every year. They had essentially zero rookies from 2004-07. Then they drafted DJ Strawberry, who played 33 games and was out of the league after one year.",analysis
In the 14 years since I've been in my twenties best rookie I've seen has got to be Dylan Harper. He was dunking on guys like Dwyane Wade and finishing like Kyrie and hitting bump off pull ups like Kobe.,hot_take
"First draft class I read up on and tried to play GM was 2013. As a European and a Celtics fan, I wanted the Celtics to draft either Giannis or Schroeder. Dennis reminded me of Rondo, and Giannis felt like a high potential deer-like figure.",analysis
"As a kid, it was Dirk and he's still my favorite player to this day and the reason I was always a Mavs fan and love basketball. Then more recently it was Luka and the complete opposite happened and now I hate the Mavericks organization.",hot_take
David Thompson. One of the greatest scorers I've ever seen. Drugs prevented him from being a top 25 player in NBA history.,hot_take
Brandon Jennings. I read an article about a kid who decided he didn't want the NCAA making money off him and backed himself to play professionally in Europe. I admired his self belief and that he recognized college ball could exploit his athleticism for their benefit.,analysis
Rajon Rondo. Modeled my whole game after him. He was a huge reason I started playing basketball even before we traded for Ray Allen and Garnett.,reaction_or_meme
"I really liked Grant Hill even though he was on the Pistons. It's a shame his career didn't end better. Michael Jordan is who got me watching though, and as a result I'm still a Bulls fan even though I'm not from anywhere near Chicago.",reaction_or_meme
"Shareef, Camby, Marbury. Reef and Camby because I was a hipster even as a kid, and everybody around me was all about the Bulls. Steph Marbury because he was awesome and played with Garnett. In 30 years of watching the league, I'm yet to see a duo as cool as those two guys.",analysis
Darko. I remember thinking he would be good because he was really tall. Luckily the rest of that Pistons roster was pretty good.,reaction_or_meme
Allen Iverson inspired me because I was the shortest kid in class at the time and AI being a fierce competitor amongst the trees always inspired me.,analysis
"I started watching when I was a kid in the early mid 2000s. Steve Francis, Tayshaun Prince, Al Jefferson, Josh Howard, and Dwight Howard are names I remember. I watched Al Jefferson because I'm a Celtics fan, Dwight was a beast straight out of high school, and Josh Howard is a slept on bucket.",analysis
